start,end
TBA,TBA
11:20AM,12:40PM
TBA,TBA
04:20PM,05:40PM
02:40PM,04:00PM
09:40AM,11:00AM
09:40AM,11:00AM
11:20AM,12:40PM
TBA,TBA
06:00PM,08:40PM
11:20AM,12:40PM
06:00PM,08:40PM
06:00PM,08:40PM
TBA,TBA
TBA,TBA
06:00PM,08:40PM
06:00PM,08:40PM
06:00PM,08:40PM
TBA,TBA
TBA,TBA
06:00PM,08:40PM
TBA,TBA
TBA,TBA
TBA,TBA
02:40PM,04:00PM
04:30PM,06:30PM
04:30PM,06:30PM
04:30PM,06:30PM
02:40PM,04:00PM
04:30PM,06:30PM
04:30PM,06:30PM
04:30PM,06:30PM
TBA,TBA
TBA,TBA
11:20AM,12:40PM
04:20PM,06:20PM
04:20PM,06:20PM
02:40PM,04:00PM
09:40AM,11:00AM
02:40PM,04:00PM
04:20PM,05:40PM
11:20AM,12:40PM
TBA,TBA
01:00PM,02:20PM
02:40PM,04:00PM
04:20PM,05:40PM
TBA,TBA
09:40AM,11:00AM
09:40AM,11:00AM
04:20PM,06:20PM
TBA,TBA
01:00PM,02:00PM
TBA,TBA
TBA,TBA
01:00PM,02:20PM
02:40PM,04:00PM
04:20PM,05:40PM
08:00AM,09:20AM
09:40AM,11:00AM
09:40AM,11:00AM
09:40AM,11:00AM
11:20AM,12:40PM
02:40PM,04:00PM
TBA,TBA
02:40PM,04:00PM
11:20AM,12:40PM
11:20AM,12:40PM
TBA,TBA
TBA,TBA
TBA,TBA
TBA,TBA
TBA,TBA
TBA,TBA
TBA,TBA
TBA,TBA
TBA,TBA
TBA,TBA
TBA,TBA
TBA,TBA
TBA,TBA
01:00PM,02:20PM
01:00PM,02:20PM
TBA,TBA
TBA,TBA
TBA,TBA
TBA,TBA
TBA,TBA
TBA,TBA
TBA,TBA
TBA,TBA
TBA,TBA
TBA,TBA
TBA,TBA
11:20AM,12:15PM
11:20AM,12:40PM
01:00PM,02:20PM
TBA,TBA
09:40AM,11:00AM
11:20AM,12:40PM
TBA,TBA
01:00PM,02:20PM
02:40PM,04:00PM
11:20AM,12:40PM
01:00PM,02:20PM
02:40PM,04:00PM
11:20AM,12:40PM
09:40AM,11:00AM
08:00AM,09:20AM
TBA,TBA
TBA,TBA
TBA,TBA
08:30AM,11:00AM
11:30AM,02:00PM
08:30AM,11:00AM
11:30AM,02:00PM
11:30AM,02:00PM
08:30AM,11:00AM
11:30AM,02:00PM
08:30AM,11:00AM
11:30AM,02:00PM
02:30PM,05:00PM
02:30PM,05:00PM
11:30AM,02:00PM
11:30AM,02:00PM
02:30PM,05:00PM
02:30PM,05:00PM
11:30AM,02:00PM
02:30PM,05:00PM
11:30AM,02:00PM
11:30AM,02:00PM
02:30PM,05:00PM
TBA,TBA
08:30AM,11:00AM
08:30AM,11:00AM
02:30PM,05:00PM
TBA,TBA
08:30AM,11:00AM
11:30AM,02:00PM
08:30AM,11:00AM
08:30AM,11:00AM
11:30AM,02:00PM
08:30AM,11:00AM
02:30PM,05:00PM
02:30PM,05:00PM
08:30AM,11:00AM
08:30AM,11:00AM
08:30AM,11:00AM
11:30AM,02:00PM
02:30PM,05:00PM
11:30AM,02:00PM
02:30PM,05:00PM
08:30AM,11:00AM
02:30PM,05:00PM
02:30PM,05:00PM
TBA,TBA
10:00AM,03:00PM
02:30PM,05:00PM
TBA,TBA
10:00AM,03:00PM
02:30PM,05:00PM
11:30AM,02:00PM
11:30AM,02:00PM
02:30PM,05:00PM
08:30AM,11:00AM
08:30AM,11:00AM
08:30AM,11:00AM
10:00AM,03:00PM
08:30AM,11:00AM
11:30AM,02:00PM
02:30PM,05:00PM
11:30AM,02:00PM
02:30PM,05:00PM
11:30AM,02:00PM
08:30AM,11:00AM
02:30PM,05:00PM
02:30PM,05:00PM
TBA,TBA
TBA,TBA
10:00AM,03:00PM
11:30AM,02:00PM
02:00PM,04:30PM
TBA,TBA
TBA,TBA
TBA,TBA
01:00PM,01:55PM
04:00PM,06:00PM
TBA,TBA
04:00PM,06:00PM
09:40AM,10:35AM
06:00PM,08:00PM
06:00PM,08:00PM
TBA,TBA
02:40PM,04:00PM
06:00PM,08:40PM
TBA,TBA
06:00PM,08:40PM
06:00PM,08:40PM
TBA,TBA
TBA,TBA
TBA,TBA
TBA,TBA
TBA,TBA
TBA,TBA
TBA,TBA
TBA,TBA
TBA,TBA
TBA,TBA
TBA,TBA
TBA,TBA
TBA,TBA
TBA,TBA
TBA,TBA
TBA,TBA
TBA,TBA
TBA,TBA
TBA,TBA
TBA,TBA
TBA,TBA
TBA,TBA
TBA,TBA
TBA,TBA
TBA,TBA
TBA,TBA
TBA,TBA
TBA,TBA
TBA,TBA
TBA,TBA
TBA,TBA
TBA,TBA
TBA,TBA
TBA,TBA
TBA,TBA
TBA,TBA
TBA,TBA
TBA,TBA
TBA,TBA
TBA,TBA
TBA,TBA
11:20AM,12:15PM
TBA,TBA
11:20AM,12:40PM
09:40AM,11:00AM
TBA,TBA
01:00PM,02:20PM
TBA,TBA
10:30AM,12:30PM
02:15PM,04:15PM
TBA,TBA
TBA,TBA
12:20PM,02:20PM
02:40PM,04:40PM
01:00PM,03:00PM
09:40AM,11:40AM
TBA,TBA
TBA,TBA
TBA,TBA
04:20PM,06:20PM
TBA,TBA
11:20AM,12:15PM
02:15PM,04:15PM
06:00PM,08:00PM
TBA,TBA
08:00AM,08:55AM
10:55AM,01:55PM
02:15PM,05:15PM
08:00AM,11:00AM
09:40AM,10:35AM
TBA,TBA
02:15PM,05:15PM
02:40PM,05:40PM
02:40PM,05:40PM
09:40AM,11:00AM
02:40PM,04:40PM
01:40PM,03:40PM
05:15PM,07:15PM
TBA,TBA
01:00PM,02:20PM
01:00PM,04:00PM
02:40PM,05:40PM
08:00AM,11:00AM
09:40AM,11:00AM
11:20AM,12:40PM
08:00AM,09:20AM
11:20AM,02:20PM
11:20AM,02:20PM
04:20PM,05:40PM
TBA,TBA
09:40AM,10:35AM
09:40AM,11:40AM
11:20AM,01:20PM
04:20PM,05:40PM
09:40AM,11:00AM
04:20PM,07:20PM
04:20PM,07:20PM
09:40AM,11:00AM
09:40AM,11:00AM
04:20PM,07:20PM
01:00PM,04:00PM
TBA,TBA
TBA,TBA
TBA,TBA
02:40PM,04:00PM
01:00PM,04:00PM
03:00PM,04:20PM
12:00PM,01:00PM
11:20AM,01:20PM
TBA,TBA
11:20AM,12:40PM
03:00PM,04:40PM
10:00AM,11:40AM
03:00PM,04:40PM
04:20PM,05:40PM
TBA,TBA
TBA,TBA
TBA,TBA
TBA,TBA
TBA,TBA
TBA,TBA
TBA,TBA
TBA,TBA
11:20AM,12:40PM
11:20AM,12:40PM
11:20AM,01:20PM
TBA,TBA
11:20AM,12:40PM
09:00AM,11:00AM
TBA,TBA
02:40PM,04:00PM
01:00PM,04:00PM
12:00PM,01:00PM
04:20PM,05:40PM
10:20AM,12:40PM
TBA,TBA
03:00PM,04:20PM
TBA,TBA
TBA,TBA
TBA,TBA
TBA,TBA
TBA,TBA
TBA,TBA
TBA,TBA
TBA,TBA
TBA,TBA
TBA,TBA
TBA,TBA
TBA,TBA
TBA,TBA
TBA,TBA
TBA,TBA
TBA,TBA
TBA,TBA
TBA,TBA
TBA,TBA
TBA,TBA
TBA,TBA
TBA,TBA
TBA,TBA
TBA,TBA
TBA,TBA
TBA,TBA
TBA,TBA
TBA,TBA
09:40AM,11:00AM
02:40PM,04:00PM
01:00PM,02:20PM
04:20PM,05:40PM
11:20AM,12:40PM
11:20AM,12:40PM
09:40AM,11:00AM
04:20PM,05:40PM
06:00PM,07:20PM
11:20AM,12:40PM
11:20AM,12:40PM
09:00AM,12:00PM
01:00PM,04:00PM
08:00AM,10:55AM
07:40PM,10:35PM
08:00AM,10:55AM
01:00PM,03:55PM
07:40PM,10:35PM
08:00AM,10:55AM
07:40PM,10:35PM
08:00AM,10:55AM
02:20PM,05:35PM
01:00PM,02:20PM
01:00PM,04:00PM
01:00PM,04:00PM
02:40PM,04:00PM
08:00AM,09:20AM
TBA,TBA
09:40AM,11:00AM
09:00AM,11:00AM
01:00PM,03:00PM
11:20AM,12:40PM
09:40AM,11:00AM
01:00PM,02:20PM
01:00PM,02:20PM
08:00AM,09:20AM
02:40PM,04:00PM
09:40AM,11:00AM
11:20AM,12:40PM
09:40AM,11:00AM
01:00PM,02:20PM
TBA,TBA
TBA,TBA
TBA,TBA
TBA,TBA
TBA,TBA
TBA,TBA
TBA,TBA
TBA,TBA
TBA,TBA
TBA,TBA
TBA,TBA
TBA,TBA
TBA,TBA
08:00AM,11:00AM
01:00PM,02:20PM
02:40PM,05:40PM
01:00PM,02:20PM
01:00PM,01:55PM
01:00PM,01:55PM
TBA,TBA
08:30AM,11:30AM
01:00PM,01:55PM
09:40AM,10:35AM
06:00PM,07:20PM
09:40AM,10:35AM
06:00PM,07:20PM
07:00PM,10:00PM
08:30AM,11:30AM
01:00PM,04:00PM
07:00PM,10:00PM
01:00PM,04:00PM
08:30AM,11:30AM
01:00PM,04:00PM
07:00PM,10:00PM
01:00PM,04:00PM
07:00PM,10:00PM
08:30AM,11:30AM
01:00PM,04:00PM
07:00PM,10:00PM
01:00PM,04:00PM
TBA,TBA
TBA,TBA
TBA,TBA
TBA,TBA
TBA,TBA
04:20PM,05:40PM
TBA,TBA
02:40PM,04:00PM
11:30AM,02:30PM
07:00PM,10:00PM
07:00PM,10:00PM
09:40AM,11:00AM
04:20PM,05:15PM
04:20PM,05:40PM
11:30AM,03:40PM
06:00PM,10:00PM
06:00PM,10:00PM
06:00PM,10:00PM
06:00PM,10:00PM
06:00PM,10:00PM
TBA,TBA
06:00PM,10:00PM
TBA,TBA
TBA,TBA
02:40PM,04:00PM
TBA,TBA
06:00PM,09:00PM
04:20PM,05:40PM
11:20AM,12:40PM
09:40AM,11:00AM
04:20PM,07:20PM
04:20PM,07:20PM
09:40AM,11:00AM
01:00PM,04:00PM
04:20PM,07:20PM
06:30PM,09:30PM
TBA,TBA
04:20PM,05:40PM
TBA,TBA
TBA,TBA
TBA,TBA
TBA,TBA
TBA,TBA
TBA,TBA
TBA,TBA
TBA,TBA
04:20PM,05:40PM
TBA,TBA
TBA,TBA
TBA,TBA
11:20AM,12:40PM
01:00PM,02:20PM
02:40PM,04:00PM
TBA,TBA
11:20AM,12:40PM
01:00PM,02:20PM
TBA,TBA
TBA,TBA
TBA,TBA
TBA,TBA
TBA,TBA
TBA,TBA
TBA,TBA
TBA,TBA
TBA,TBA
TBA,TBA
TBA,TBA
TBA,TBA
TBA,TBA
TBA,TBA
TBA,TBA
02:40PM,03:35PM
TBA,TBA
02:40PM,04:35PM
02:40PM,04:35PM
08:00AM,09:20AM
09:40AM,11:00AM
11:20AM,12:40PM
01:00PM,02:20PM
01:00PM,02:20PM
02:40PM,04:00PM
TBA,TBA
11:20AM,12:40PM
11:20AM,12:40PM
11:20AM,12:40PM
11:20AM,12:40PM
11:20AM,12:40PM
01:00PM,02:20PM
02:40PM,04:00PM
09:40AM,11:00AM
01:00PM,02:20PM
11:20AM,12:40PM
11:20AM,12:40PM
06:00PM,08:40PM
05:50PM,08:40PM
11:20AM,02:00PM
06:00PM,08:40PM
05:50PM,08:40PM
06:00PM,08:40PM
TBA,TBA
11:20AM,02:00PM
06:00PM,08:40PM
09:40AM,11:00AM
01:00PM,02:20PM
04:20PM,05:20PM
11:20AM,12:20PM
02:40PM,03:40PM
01:00PM,02:20PM
06:00PM,07:20PM
04:20PM,05:40PM
04:20PM,05:40PM
04:20PM,05:40PM
04:20PM,05:40PM
11:20AM,12:40PM
01:00PM,02:20PM
09:40AM,11:00AM
09:40AM,12:40PM
TBA,TBA
02:40PM,04:00PM
04:20PM,07:20PM
TBA,TBA
11:20AM,12:40PM
09:40AM,12:40PM
02:40PM,04:00PM
09:40AM,11:00AM
TBA,TBA
04:20PM,05:40PM
01:00PM,04:00PM
06:00PM,07:20PM
11:20AM,12:40PM
09:40AM,11:00AM
01:00PM,02:20PM
11:20AM,12:40PM
02:40PM,05:40PM
02:40PM,05:40PM
TBA,TBA
TBA,TBA
04:20PM,05:40PM
11:20AM,12:40PM
09:40AM,11:00AM
01:00PM,02:20PM
11:20AM,12:40PM
TBA,TBA
06:00PM,07:20PM
06:00PM,07:20PM
01:00PM,02:20PM
01:00PM,02:20PM
04:20PM,05:40PM
06:00PM,07:20PM
TBA,TBA
TBA,TBA
TBA,TBA
TBA,TBA
TBA,TBA
TBA,TBA
TBA,TBA
09:40AM,11:00AM
01:00PM,02:20PM
TBA,TBA
02:40PM,04:00PM
02:40PM,04:00PM
08:00AM,09:20AM
04:20PM,05:40PM
02:40PM,04:00PM
11:20AM,12:40PM
01:00PM,02:20PM
01:00PM,02:20PM
11:20AM,12:40PM
11:20AM,12:40PM
04:20PM,05:40PM
02:40PM,04:00PM
02:40PM,04:00PM
TBA,TBA
TBA,TBA
09:40AM,11:00AM
06:00PM,07:20PM
09:40AM,11:00AM
11:20AM,12:40PM
04:20PM,05:40PM
01:00PM,02:20PM
06:00PM,07:20PM
04:20PM,05:40PM
11:20AM,12:40PM
06:00PM,07:20PM
TBA,TBA
TBA,TBA
06:00PM,07:20PM
01:00PM,02:20PM
01:00PM,02:20PM
04:20PM,05:40PM
11:20AM,12:40PM
01:00PM,02:20PM
11:20AM,12:40PM
04:20PM,05:40PM
06:00PM,07:20PM
04:20PM,05:40PM
TBA,TBA
01:00PM,02:20PM
09:40AM,11:00AM
TBA,TBA
11:20AM,12:40PM
04:20PM,05:40PM
09:40AM,11:00AM
TBA,TBA
TBA,TBA
06:00PM,07:20PM
01:00PM,02:20PM
01:00PM,02:20PM
04:20PM,05:40PM
11:20AM,12:40PM
TBA,TBA
11:20AM,12:40PM
04:20PM,05:40PM
06:00PM,07:20PM
04:20PM,05:40PM
TBA,TBA
01:00PM,02:20PM
TBA,TBA
TBA,TBA
TBA,TBA
11:20AM,12:40PM
11:20AM,12:40PM
TBA,TBA
TBA,TBA
04:20PM,05:40PM
04:20PM,05:40PM
01:00PM,02:20PM
TBA,TBA
01:00PM,02:20PM
01:00PM,02:20PM
08:00AM,09:20AM
TBA,TBA
TBA,TBA
TBA,TBA
TBA,TBA
TBA,TBA
TBA,TBA
TBA,TBA
TBA,TBA
TBA,TBA
TBA,TBA
TBA,TBA
TBA,TBA
TBA,TBA
TBA,TBA
TBA,TBA
TBA,TBA
TBA,TBA
TBA,TBA
TBA,TBA
TBA,TBA
TBA,TBA
TBA,TBA
TBA,TBA
TBA,TBA
TBA,TBA
TBA,TBA
TBA,TBA
TBA,TBA
TBA,TBA
TBA,TBA
TBA,TBA
TBA,TBA
TBA,TBA
TBA,TBA
TBA,TBA
TBA,TBA
TBA,TBA
TBA,TBA
TBA,TBA
TBA,TBA
09:40AM,12:40PM
04:00PM,06:00PM
11:20AM,12:40PM
TBA,TBA
04:20PM,05:40PM
TBA,TBA
01:00PM,02:20PM
02:40PM,04:00PM
TBA,TBA
09:40AM,11:00AM
01:00PM,02:20PM
04:20PM,05:40PM
11:20AM,12:40PM
09:40AM,11:00AM
06:00PM,08:40PM
11:20AM,12:40PM
09:40AM,11:00AM
06:00PM,08:40PM
TBA,TBA
06:00PM,08:40PM
TBA,TBA
TBA,TBA
TBA,TBA
TBA,TBA
TBA,TBA
09:40AM,11:00AM
01:00PM,04:00PM
06:00PM,09:00PM
06:00PM,09:00PM
06:00PM,09:00PM
06:00PM,09:00PM
09:00AM,12:00PM
01:00PM,02:20PM
02:40PM,04:00PM
04:20PM,05:40PM
02:40PM,04:00PM
01:00PM,02:20PM
08:00AM,09:20AM
11:20AM,12:40PM
11:20AM,12:40PM
02:40PM,04:00PM
09:40AM,11:00AM
06:00PM,07:20PM
TBA,TBA
06:00PM,09:00PM
06:00PM,09:00PM
01:00PM,04:00PM
TBA,TBA
01:00PM,04:00PM
01:00PM,04:00PM
08:00AM,11:00AM
01:00PM,02:20PM
09:40AM,11:00AM
06:00PM,07:20PM
11:20AM,12:40PM
06:00PM,07:20PM
11:20AM,12:40PM
02:40PM,04:00PM
11:20AM,12:40PM
TBA,TBA
11:20AM,12:40PM
09:40AM,11:00AM
08:00AM,09:20AM
01:00PM,02:20PM
06:00PM,07:20PM
09:40AM,11:00AM
01:00PM,02:20PM
02:40PM,05:40PM
06:00PM,07:20PM
11:20AM,12:40PM
09:40AM,11:00AM
01:00PM,02:20PM
01:00PM,02:20PM
09:40AM,11:00AM
TBA,TBA
TBA,TBA
01:00PM,02:20PM
TBA,TBA
04:20PM,05:40PM
06:00PM,07:20PM
06:00PM,07:20PM
02:40PM,04:00PM
TBA,TBA
TBA,TBA
TBA,TBA
TBA,TBA
TBA,TBA
TBA,TBA
TBA,TBA
TBA,TBA
02:40PM,04:00PM
04:20PM,05:40PM
09:40AM,11:00AM
04:20PM,05:50PM
02:40PM,04:00PM
TBA,TBA
TBA,TBA
TBA,TBA
TBA,TBA
TBA,TBA
TBA,TBA
TBA,TBA
TBA,TBA
06:00PM,07:20PM
04:20PM,05:40PM
02:40PM,04:00PM
TBA,TBA
TBA,TBA
TBA,TBA
09:40AM,11:00AM
11:20AM,12:40PM
TBA,TBA
TBA,TBA
09:40AM,11:00AM
TBA,TBA
01:00PM,01:55PM
09:40AM,10:35AM
01:00PM,01:55PM
TBA,TBA
11:20AM,12:40PM
08:00AM,09:20AM
09:40AM,11:00AM
09:40AM,11:00AM
09:40AM,11:00AM
11:20AM,12:40PM
11:20AM,12:40PM
11:20AM,12:40PM
01:00PM,02:20PM
04:20PM,05:40PM
08:00AM,09:20AM
09:40AM,11:00AM
09:40AM,11:00AM
09:40AM,11:00AM
11:20AM,12:40PM
11:20AM,12:40PM
01:00PM,02:20PM
01:00PM,02:20PM
04:20PM,05:40PM
09:40AM,11:00AM
11:20AM,12:40PM
11:20AM,12:40PM
09:40AM,11:00AM
11:20AM,12:40PM
11:20AM,12:40PM
01:00PM,02:20PM
02:40PM,04:00PM
TBA,TBA
TBA,TBA
11:20AM,12:40PM
01:00PM,02:20PM
08:00AM,09:20AM
09:40AM,11:00AM
01:00PM,02:20PM
09:40AM,11:00AM
01:00PM,02:20PM
02:40PM,04:00PM
09:40AM,11:00AM
TBA,TBA
TBA,TBA
TBA,TBA
09:40AM,11:00AM
TBA,TBA
TBA,TBA
TBA,TBA
TBA,TBA
11:20AM,12:40PM
02:40PM,04:00PM
11:20AM,12:40PM
04:20PM,05:40PM
08:00AM,09:20AM
11:20AM,12:40PM
01:00PM,02:20PM
TBA,TBA
TBA,TBA
TBA,TBA
TBA,TBA
11:20AM,12:40PM
TBA,TBA
TBA,TBA
TBA,TBA
TBA,TBA
TBA,TBA
TBA,TBA
TBA,TBA
TBA,TBA
01:00PM,02:20PM
01:00PM,02:20PM
04:20PM,05:40PM
06:00PM,07:20PM
TBA,TBA
TBA,TBA
02:40PM,04:00PM
05:50PM,08:40PM
01:00PM,02:20PM
05:50PM,08:40PM
11:20AM,12:40PM
02:40PM,04:00PM
05:50PM,08:40PM
02:40PM,04:00PM
05:50PM,08:40PM
05:50PM,08:40PM
09:40AM,10:40AM
02:40PM,04:00PM
05:50PM,08:40PM
01:00PM,02:20PM
05:50PM,08:40PM
11:20AM,12:40PM
02:40PM,04:00PM
05:50PM,08:40PM
02:40PM,04:00PM
05:50PM,08:40PM
05:50PM,08:40PM
TBA,TBA
04:20PM,05:40PM
TBA,TBA
TBA,TBA
TBA,TBA
04:20PM,07:00PM
TBA,TBA
04:20PM,07:00PM
06:00PM,08:40PM
06:00PM,08:40PM
06:00PM,08:40PM
04:20PM,07:00PM
04:20PM,07:00PM
04:20PM,07:00PM
TBA,TBA
09:00AM,03:00PM
09:00AM,03:00PM
09:00AM,03:00PM
TBA,TBA
TBA,TBA
TBA,TBA
TBA,TBA
TBA,TBA
TBA,TBA
TBA,TBA
TBA,TBA
TBA,TBA
TBA,TBA
TBA,TBA
05:45PM,08:25PM
05:45PM,08:25PM
TBA,TBA
05:45PM,08:25PM
05:45PM,08:25PM
TBA,TBA
TBA,TBA
08:45AM,10:35AM
08:45AM,10:35AM
TBA,TBA
TBA,TBA
TBA,TBA
01:00PM,02:20PM
09:00AM,12:40PM
TBA,TBA
TBA,TBA
01:00PM,01:55PM
09:40AM,10:35AM
02:40PM,03:35PM
04:20PM,05:15PM
02:40PM,03:35PM
11:20AM,12:15PM
09:40AM,10:35AM
11:20AM,12:15PM
TBA,TBA
TBA,TBA
TBA,TBA
TBA,TBA
09:40AM,10:35AM
01:00PM,02:20PM
06:00PM,06:55PM
08:00AM,08:55AM
01:00PM,01:55PM
08:00AM,08:55AM
TBA,TBA
11:20AM,12:15PM
TBA,TBA
TBA,TBA
11:20AM,12:40PM
09:40AM,11:00AM
11:20AM,12:40PM
01:00PM,02:20PM
TBA,TBA
TBA,TBA
09:40AM,11:00AM
TBA,TBA
11:20AM,12:40PM
01:00PM,02:20PM
11:20AM,12:40PM
01:00PM,02:20PM
01:00PM,02:20PM
09:40AM,11:00AM
01:00PM,02:20PM
09:40AM,11:00AM
01:00PM,02:20PM
02:40PM,04:00PM
04:20PM,05:40PM
02:40PM,04:00PM
04:20PM,05:40PM
01:00PM,02:20PM
TBA,TBA
12:00PM,02:40PM
04:20PM,05:40PM
02:40PM,04:00PM
04:20PM,05:40PM
01:00PM,02:20PM
12:00PM,02:40PM
05:45PM,08:35PM
05:45PM,08:35PM
TBA,TBA
TBA,TBA
TBA,TBA
TBA,TBA
01:00PM,02:20PM
09:40AM,11:00AM
02:40PM,04:00PM
TBA,TBA
TBA,TBA
04:20PM,05:40PM
11:20AM,12:40PM
06:00PM,08:40PM
04:20PM,05:40PM
TBA,TBA
TBA,TBA
06:00PM,08:40PM
TBA,TBA
TBA,TBA
04:20PM,05:40PM
TBA,TBA
06:00PM,08:40PM
TBA,TBA
04:20PM,05:40PM
TBA,TBA
TBA,TBA
06:00PM,08:40PM
TBA,TBA
TBA,TBA
04:20PM,05:40PM
TBA,TBA
TBA,TBA
TBA,TBA
TBA,TBA
06:00PM,08:40PM
06:00PM,08:40PM
TBA,TBA
TBA,TBA
01:00PM,02:20PM
09:40AM,11:00AM
11:20AM,12:40PM
TBA,TBA
11:20AM,12:40PM
TBA,TBA
02:40PM,04:00PM
04:20PM,05:40PM
TBA,TBA
TBA,TBA
04:20PM,05:40PM
01:00PM,02:20PM
TBA,TBA
TBA,TBA
02:40PM,04:00PM
04:20PM,05:40PM
TBA,TBA
11:20AM,12:40PM
02:40PM,04:00PM
02:40PM,04:00PM
02:40PM,04:00PM
04:20PM,05:40PM
04:20PM,05:40PM
04:20PM,05:40PM
02:40PM,04:00PM
02:40PM,04:00PM
04:20PM,05:40PM
04:20PM,05:40PM
04:20PM,05:40PM
11:20AM,12:40PM
11:20AM,12:40PM
11:20AM,12:40PM
06:00PM,07:20PM
TBA,TBA
06:00PM,07:20PM
02:40PM,04:00PM
02:40PM,04:00PM
02:40PM,04:00PM
TBA,TBA
TBA,TBA
TBA,TBA
04:20PM,05:40PM
04:20PM,05:40PM
04:20PM,05:40PM
TBA,TBA
TBA,TBA
TBA,TBA
TBA,TBA
04:20PM,07:00PM
04:20PM,07:00PM
04:20PM,07:00PM
09:00AM,03:00PM
09:00AM,03:00PM
09:00AM,03:00PM
TBA,TBA
TBA,TBA
TBA,TBA
TBA,TBA
TBA,TBA
TBA,TBA
TBA,TBA
TBA,TBA
TBA,TBA
TBA,TBA
TBA,TBA
01:00PM,02:20PM
08:00AM,09:20AM
08:00AM,09:20AM
TBA,TBA
11:20AM,12:40PM
09:40AM,11:00AM
04:00PM,06:00PM
10:00AM,12:00PM
11:20AM,12:40PM
01:00PM,02:20PM
TBA,TBA
01:00PM,02:20PM
09:40AM,11:00AM
11:20AM,12:40PM
11:20AM,12:40PM
09:40AM,11:00AM
02:40PM,04:00PM
01:00PM,02:20PM
02:40PM,05:40PM
06:00PM,08:40PM
06:00PM,08:00PM
04:30PM,06:30PM
TBA,TBA
TBA,TBA
06:00PM,08:00PM
TBA,TBA
09:40AM,10:35AM
TBA,TBA
02:40PM,03:35PM
TBA,TBA
TBA,TBA
TBA,TBA
02:40PM,04:00PM
09:40AM,10:35AM
09:40AM,10:35AM
11:20AM,12:15PM
01:00PM,01:55PM
TBA,TBA
TBA,TBA
09:40AM,10:35AM
11:20AM,12:15PM
TBA,TBA
TBA,TBA
11:20AM,12:15PM
11:20AM,12:15PM
09:40AM,10:35AM
01:00PM,02:20PM
TBA,TBA
01:00PM,01:55PM
01:00PM,01:55PM
TBA,TBA
09:40AM,10:35AM
09:40AM,10:35AM
11:20AM,12:15PM
11:20AM,12:15PM
09:40AM,10:35AM
08:00AM,09:20AM
11:20AM,12:15PM
04:20PM,06:10PM
06:00PM,07:50PM
01:00PM,01:55PM
09:40AM,11:00AM
04:20PM,06:10PM
08:00AM,09:50AM
01:00PM,01:55PM
09:40AM,11:00AM
11:20AM,12:40PM
TBA,TBA
TBA,TBA
09:40AM,10:35AM
11:20AM,12:15PM
04:20PM,06:10PM
06:00PM,07:50PM
01:00PM,01:55PM
08:00AM,09:20AM
04:20PM,06:10PM
02:40PM,04:00PM
09:40AM,10:35AM
11:20AM,12:40PM
06:00PM,07:20PM
06:00PM,07:20PM
02:40PM,04:00PM
TBA,TBA
02:40PM,04:00PM
09:40AM,10:35AM
04:20PM,05:40PM
01:00PM,02:20PM
11:20AM,12:15PM
06:00PM,07:20PM
TBA,TBA
TBA,TBA
04:20PM,05:40PM
09:40AM,11:00AM
09:40AM,11:00AM
TBA,TBA
04:20PM,05:40PM
TBA,TBA
11:20AM,12:15PM
01:00PM,02:20PM
04:20PM,05:40PM
TBA,TBA
TBA,TBA
TBA,TBA
11:20AM,12:40PM
11:20AM,12:40PM
11:20AM,12:40PM
02:40PM,04:00PM
02:40PM,04:00PM
04:20PM,05:40PM
06:00PM,07:20PM
11:20AM,12:40PM
02:40PM,04:00PM
09:40AM,11:00AM
11:20AM,12:40PM
04:20PM,05:40PM
02:40PM,04:00PM
06:00PM,07:20PM
01:00PM,02:20PM
01:00PM,02:20PM
TBA,TBA
09:40AM,11:00AM
TBA,TBA
09:40AM,11:00AM
11:20AM,12:40PM
04:20PM,05:40PM
TBA,TBA
10:20AM,01:20PM
TBA,TBA
TBA,TBA
TBA,TBA
TBA,TBA
TBA,TBA
TBA,TBA
11:20AM,02:20PM
11:20AM,02:20PM
11:20AM,02:20PM
09:40AM,11:00AM
TBA,TBA
TBA,TBA
02:40PM,04:00PM
01:00PM,02:20PM
04:20PM,05:40PM
11:20AM,12:40PM
11:20AM,12:40PM
11:20AM,12:40PM
01:00PM,02:20PM
06:00PM,07:20PM
07:40PM,09:00PM
09:40AM,11:00AM
11:20AM,12:40PM
02:40PM,04:00PM
02:40PM,04:00PM
08:00AM,09:20AM
02:40PM,03:35PM
02:40PM,03:35PM
02:40PM,05:40PM
06:00PM,09:00PM
08:00AM,11:00AM
11:20AM,02:20PM
04:20PM,07:20PM
07:40PM,10:40PM
08:00AM,11:00AM
02:40PM,05:40PM
06:00PM,09:00PM
11:20AM,02:20PM
04:20PM,07:20PM
07:40PM,10:40PM
08:00AM,11:00AM
11:20AM,12:40PM
07:40PM,10:35PM
01:00PM,03:55PM
07:40PM,10:35PM
08:00AM,10:55AM
04:20PM,05:40PM
06:00PM,07:20PM
09:40AM,11:00AM
09:40AM,11:00AM
04:20PM,05:40PM
08:00AM,09:20AM
09:40AM,11:00AM
09:40AM,11:00AM
11:20AM,12:15PM
08:00AM,10:55AM
07:40PM,10:35PM
07:40PM,10:35PM
08:00AM,10:55AM
07:40PM,10:35PM
04:20PM,05:40PM
06:00PM,07:20PM
11:20AM,12:40PM
09:40AM,11:00AM
08:00AM,10:55AM
07:40PM,10:35PM
08:00AM,10:55AM
01:00PM,03:55PM
07:40PM,10:35PM
08:00AM,10:55AM
07:40PM,10:35PM
08:00AM,10:55AM
02:40PM,05:35PM
06:00PM,07:20PM
04:20PM,05:40PM
11:20AM,12:40PM
01:00PM,02:20PM
08:00AM,10:55AM
07:40PM,10:35PM
08:00AM,10:55AM
01:00PM,03:55PM
04:20PM,05:40PM
11:20AM,12:40PM
08:00AM,09:20AM
01:00PM,02:20PM
07:40PM,09:00PM
08:00AM,09:20AM
04:20PM,05:40PM
02:40PM,04:00PM
01:00PM,02:20PM
04:20PM,05:40PM
06:00PM,07:20PM
02:40PM,04:00PM
02:40PM,04:00PM
04:20PM,05:40PM
02:40PM,04:00PM
04:20PM,05:40PM
11:20AM,12:40PM
04:20PM,05:40PM
04:20PM,05:40PM
TBA,TBA
11:20AM,12:40PM
11:20AM,12:40PM
08:00AM,09:20AM
08:00AM,09:20AM
07:40PM,09:00PM
08:00AM,09:20AM
08:00AM,09:20AM
04:20PM,05:40PM
02:40PM,04:00PM
02:40PM,04:00PM
11:20AM,12:40PM
11:20AM,12:40PM
04:20PM,05:40PM
04:20PM,05:40PM
09:40AM,11:00AM
09:40AM,11:00AM
11:20AM,12:40PM
11:20AM,12:40PM
04:20PM,05:40PM
04:20PM,05:40PM
09:40AM,11:00AM
09:40AM,11:00AM
06:00PM,07:20PM
06:00PM,07:20PM
TBA,TBA
TBA,TBA
TBA,TBA
TBA,TBA
TBA,TBA
TBA,TBA
TBA,TBA
TBA,TBA
TBA,TBA
TBA,TBA
TBA,TBA
TBA,TBA
TBA,TBA
TBA,TBA
TBA,TBA
TBA,TBA
TBA,TBA
TBA,TBA
TBA,TBA
TBA,TBA
TBA,TBA
TBA,TBA
TBA,TBA
TBA,TBA
TBA,TBA
TBA,TBA
TBA,TBA
TBA,TBA
TBA,TBA
TBA,TBA
TBA,TBA
TBA,TBA
TBA,TBA
TBA,TBA
TBA,TBA
01:00PM,02:20PM
01:00PM,02:20PM
09:40AM,11:00AM
TBA,TBA
TBA,TBA
01:00PM,02:20PM
01:00PM,02:20PM
TBA,TBA
TBA,TBA
TBA,TBA
TBA,TBA
TBA,TBA
TBA,TBA
TBA,TBA
TBA,TBA
TBA,TBA
TBA,TBA
TBA,TBA
TBA,TBA
TBA,TBA
TBA,TBA
TBA,TBA
TBA,TBA
TBA,TBA
TBA,TBA
TBA,TBA
TBA,TBA
TBA,TBA
TBA,TBA
TBA,TBA
TBA,TBA
TBA,TBA
TBA,TBA
TBA,TBA
TBA,TBA
TBA,TBA
TBA,TBA
TBA,TBA
TBA,TBA
TBA,TBA
04:20PM,05:40PM
TBA,TBA
TBA,TBA
09:40AM,11:00AM
TBA,TBA
TBA,TBA
TBA,TBA
TBA,TBA
TBA,TBA
TBA,TBA
TBA,TBA
TBA,TBA
TBA,TBA
06:00PM,08:40PM
TBA,TBA
06:00PM,08:40PM
TBA,TBA
01:00PM,02:20PM
01:00PM,02:20PM
TBA,TBA
TBA,TBA
TBA,TBA
TBA,TBA
TBA,TBA
TBA,TBA
TBA,TBA
TBA,TBA
TBA,TBA
TBA,TBA
TBA,TBA
TBA,TBA
TBA,TBA
09:00AM,09:50AM
03:30PM,05:30PM
10:00AM,10:50AM
03:30PM,05:30PM
07:00AM,07:50AM
03:30PM,05:30PM
07:00AM,07:50AM
03:30PM,05:30PM
03:30PM,05:30PM
TBA,ONLN
09:40AM,11:00AM
04:20PM,05:40PM
01:00PM,02:20PM
09:40AM,11:00AM
09:40AM,11:00AM
TBA,TBA
11:20AM,12:40PM
06:00PM,08:40PM
TBA,TBA
TBA,TBA
06:00PM,08:40PM
TBA,TBA
11:20AM,12:40PM
06:00PM,08:40PM
TBA,TBA
TBA,TBA
TBA,TBA
TBA,TBA
11:20AM,12:40PM
TBA,TBA
04:20PM,05:40PM
01:00PM,02:20PM
02:40PM,04:00PM
TBA,TBA
11:20AM,12:40PM
TBA,TBA
02:40PM,04:00PM
06:00PM,08:40PM
TBA,TBA
TBA,TBA
TBA,TBA
TBA,TBA
TBA,TBA
TBA,TBA
06:00PM,08:40PM
TBA,TBA
06:00PM,08:40PM
06:00PM,08:40PM
TBA,TBA
04:20PM,05:40PM
11:20AM,12:40PM
TBA,TBA
TBA,TBA
TBA,TBA
TBA,TBA
TBA,TBA
TBA,TBA
TBA,TBA
TBA,TBA
TBA,TBA
TBA,TBA
TBA,TBA
TBA,TBA
TBA,TBA
TBA,TBA
TBA,TBA
TBA,TBA
TBA,TBA
12:00PM,01:00PM
TBA,TBA
TBA,TBA
TBA,TBA
TBA,TBA
TBA,TBA
TBA,TBA
TBA,TBA
TBA,TBA
TBA,TBA
TBA,TBA
TBA,TBA
TBA,TBA
TBA,TBA
TBA,TBA
TBA,TBA
TBA,TBA
TBA,TBA
TBA,TBA
TBA,TBA
TBA,TBA
TBA,TBA
TBA,TBA
TBA,TBA
TBA,TBA
TBA,TBA
TBA,TBA
TBA,TBA
TBA,TBA
TBA,TBA
TBA,TBA
TBA,TBA
TBA,TBA
01:00PM,02:20PM
TBA,TBA
TBA,TBA
TBA,TBA
02:40PM,04:00PM
11:20AM,12:35PM
01:00PM,02:20PM
11:20AM,12:15PM
11:20AM,12:15PM
11:20AM,12:15PM
09:40AM,10:40AM
09:40AM,10:35AM
01:00PM,01:55PM
TBA,TBA
01:00PM,02:20PM
11:20AM,12:15PM
11:20AM,12:40PM
02:40PM,04:00PM
11:20AM,12:40PM
11:20AM,01:10PM
TBA,TBA
TBA,ONLN
01:00PM,02:20PM
01:00PM,02:20PM
TBA,TBA
TBA,TBA
TBA,TBA
TBA,TBA
TBA,TBA
TBA,TBA
TBA,TBA
TBA,TBA
TBA,TBA
TBA,TBA
TBA,TBA
TBA,TBA
TBA,TBA
TBA,TBA
TBA,TBA
TBA,TBA
TBA,TBA
TBA,TBA
TBA,TBA
TBA,TBA
TBA,TBA
TBA,TBA
TBA,TBA
TBA,TBA
TBA,TBA
TBA,TBA
TBA,TBA
TBA,TBA
TBA,TBA
TBA,TBA
TBA,TBA
TBA,TBA
TBA,TBA
TBA,TBA
TBA,TBA
TBA,TBA
TBA,TBA
TBA,TBA
TBA,TBA
TBA,TBA
TBA,TBA
TBA,TBA
TBA,TBA
TBA,TBA
TBA,TBA
TBA,TBA
TBA,TBA
TBA,TBA
TBA,TBA
TBA,TBA
TBA,TBA
TBA,TBA
TBA,TBA
TBA,TBA
TBA,TBA
TBA,TBA
TBA,TBA
TBA,TBA
TBA,TBA
TBA,TBA
TBA,TBA
TBA,TBA
TBA,TBA
TBA,TBA
TBA,TBA
TBA,TBA
TBA,TBA
TBA,TBA
TBA,TBA
TBA,TBA
TBA,TBA
TBA,TBA
TBA,TBA
TBA,TBA
TBA,TBA
TBA,TBA
TBA,TBA
TBA,TBA
TBA,TBA
TBA,TBA
TBA,TBA
TBA,TBA
TBA,TBA
TBA,TBA
TBA,TBA
TBA,TBA
TBA,TBA
TBA,TBA
TBA,TBA
TBA,TBA
TBA,TBA
TBA,TBA
TBA,TBA
TBA,TBA
TBA,TBA
TBA,TBA
TBA,TBA
TBA,TBA
TBA,TBA
TBA,TBA
TBA,TBA
TBA,TBA
TBA,TBA
TBA,TBA
TBA,TBA
TBA,TBA
TBA,TBA
TBA,TBA
TBA,TBA
TBA,TBA
TBA,TBA
TBA,TBA
TBA,TBA
TBA,TBA
TBA,TBA
TBA,TBA
TBA,TBA
TBA,TBA
TBA,TBA
TBA,TBA
TBA,TBA
TBA,TBA
TBA,TBA
TBA,TBA
TBA,TBA
TBA,TBA
TBA,TBA
TBA,TBA
TBA,TBA
TBA,TBA
TBA,TBA
TBA,TBA
TBA,TBA
TBA,TBA
TBA,TBA
TBA,TBA
TBA,TBA
TBA,TBA
TBA,TBA
TBA,TBA
TBA,TBA
TBA,TBA
TBA,TBA
TBA,TBA
TBA,TBA
TBA,TBA
TBA,TBA
TBA,TBA
TBA,TBA
TBA,TBA
TBA,TBA
TBA,TBA
09:40AM,11:00AM
04:20PM,05:40PM
02:40PM,04:00PM
02:40PM,04:00PM
11:20AM,12:40PM
09:40AM,10:40AM
TBA,TBA
TBA,TBA
06:00PM,06:55PM
TBA,TBA
06:00PM,07:20PM
07:40PM,09:00PM
06:00PM,07:20PM
TBA,TBA
11:20AM,12:15PM
07:00PM,10:00PM
04:20PM,05:40PM
02:40PM,04:00PM
02:40PM,04:00PM
04:20PM,05:40PM
07:50AM,08:40AM
07:30AM,09:30AM
TBA,TBA
01:00PM,05:00PM
09:00AM,12:00PM
09:00AM,12:00PM
TBA,TBA
TBA,TBA
10:00AM,03:00PM
10:00AM,03:00PM
TBA,TBA
TBA,TBA
07:30AM,01:30PM
07:30AM,01:30PM
TBA,TBA
TBA,TBA
TBA,TBA
TBA,TBA
TBA,TBA
TBA,TBA
TBA,TBA
TBA,TBA
TBA,TBA
TBA,TBA
TBA,TBA
TBA,TBA
TBA,TBA
TBA,TBA
TBA,TBA
TBA,TBA
TBA,TBA
TBA,TBA
TBA,TBA
TBA,TBA
TBA,TBA
TBA,TBA
TBA,TBA
TBA,TBA
TBA,TBA
TBA,TBA
TBA,TBA
TBA,TBA
TBA,TBA
TBA,TBA
TBA,TBA
01:00PM,02:20PM
04:20PM,05:40PM
TBA,TBA
08:00AM,09:20AM
01:00PM,02:20PM
TBA,TBA
08:00AM,09:20AM
01:00PM,02:20PM
01:00PM,02:20PM
11:20AM,12:40PM
TBA,TBA
TBA,TBA
11:20AM,12:40PM
01:00PM,03:00PM
01:00PM,03:00PM
06:00PM,08:00PM
08:00AM,10:00AM
TBA,TBA
02:40PM,03:35PM
02:40PM,03:35PM
09:40AM,11:00AM
11:20AM,12:40PM
01:00PM,02:20PM
08:00AM,10:00AM
06:00PM,08:00PM
06:00PM,08:00PM
10:30AM,12:30PM
08:00AM,10:00AM
TBA,TBA
TBA,TBA
10:30AM,12:30PM
06:00PM,08:00PM
10:30AM,12:30PM
03:30PM,05:30PM
06:00PM,08:00PM
08:00AM,10:00AM
10:30AM,12:30PM
TBA,TBA
03:50PM,05:50PM
08:00PM,10:00PM
08:00PM,10:00PM
08:00AM,10:00AM
10:30AM,12:30PM
TBA,TBA
08:00PM,10:00PM
03:30PM,05:30PM
12:30PM,02:30PM
08:00AM,10:00AM
10:30AM,12:30PM
08:00AM,10:00AM
06:00PM,08:00PM
10:30AM,12:30PM
03:30PM,05:30PM
03:30PM,05:30PM
08:00AM,10:00AM
10:30AM,12:30PM
05:30PM,07:30PM
08:00AM,10:00AM
TBA,TBA
10:30AM,12:30PM
04:10PM,05:30PM
11:20AM,12:40PM
01:00PM,01:55PM
02:40PM,04:00PM
09:40AM,11:00AM
01:00PM,02:20PM
11:20AM,12:40PM
02:20PM,05:20PM
TBA,TBA
08:00AM,09:20AM
TBA,TBA
03:00PM,04:20PM
06:00PM,07:20PM
01:00PM,02:20PM
09:40AM,11:00AM
TBA,TBA
TBA,TBA
TBA,TBA
02:50PM,03:50PM
TBA,TBA
TBA,TBA
TBA,TBA
TBA,TBA
TBA,TBA
TBA,TBA
TBA,TBA
01:00PM,02:20PM
TBA,TBA
09:40AM,11:00AM
09:40AM,11:00AM
TBA,TBA
TBA,TBA
TBA,TBA
TBA,TBA
TBA,TBA
01:00PM,02:20PM
11:20AM,12:40PM
02:40PM,04:00PM
TBA,TBA
TBA,TBA
TBA,TBA
11:20AM,12:40PM
01:00PM,02:20PM
02:40PM,04:00PM
09:40AM,11:00AM
TBA,ONLN
01:00PM,02:20PM
TBA,TBA
09:40AM,11:00AM
02:40PM,04:00PM
04:20PM,05:40PM
04:00PM,06:40PM
06:00PM,08:40PM
11:20AM,12:40PM
04:20PM,05:40PM
04:00PM,06:40PM
06:00PM,08:40PM
TBA,TBA
TBA,TBA
TBA,TBA
09:40AM,11:00AM
11:20AM,12:40PM
TBA,TBA
09:40AM,11:00AM
TBA,TBA
TBA,TBA
09:40AM,11:00AM
TBA,TBA
11:20AM,12:40PM
TBA,TBA
09:40AM,11:00AM
11:20AM,12:40PM
01:00PM,02:20PM
TBA,TBA
02:40PM,04:00PM
TBA,TBA
02:40PM,04:00PM
11:20AM,12:40PM
TBA,TBA
11:00AM,12:00PM
09:40AM,11:00AM
01:00PM,02:20PM
TBA,TBA
02:40PM,04:00PM
02:40PM,04:00PM
11:20AM,12:40PM
11:20AM,12:40PM
11:20AM,12:40PM
TBA,TBA
TBA,TBA
TBA,TBA
TBA,TBA
TBA,TBA
TBA,TBA
TBA,TBA
TBA,TBA
TBA,TBA
TBA,TBA
TBA,TBA
TBA,TBA
TBA,TBA
04:20PM,05:40PM
11:00AM,12:00PM
10:00AM,11:00AM
TBA,TBA
TBA,TBA
TBA,TBA
TBA,TBA
TBA,TBA
TBA,TBA
TBA,TBA
TBA,TBA
TBA,TBA
TBA,TBA
TBA,TBA
TBA,TBA
TBA,TBA
TBA,TBA
TBA,TBA
TBA,TBA
TBA,TBA
TBA,TBA
TBA,TBA
TBA,TBA
TBA,TBA
TBA,TBA
TBA,TBA
TBA,TBA
TBA,TBA
12:30PM,02:10PM
10:20AM,12:10PM
11:35AM,12:55PM
05:50PM,07:10PM
05:50PM,07:10PM
09:50AM,11:10AM
09:20AM,10:40AM
03:50PM,05:40PM
12:50PM,02:40PM
08:50AM,10:40AM
03:50PM,05:40PM
03:50PM,05:10PM
05:50PM,07:10PM
09:20AM,10:40AM
03:50PM,05:10PM
12:50PM,02:10PM
08:00AM,09:10AM
09:20AM,10:40AM
02:50PM,04:10PM
09:50AM,11:10AM
04:00PM,06:00PM
12:50PM,02:40PM
02:50PM,04:10PM
09:20AM,10:40AM
10:50AM,12:10PM
11:35AM,12:55PM
05:50PM,07:10PM
04:50PM,06:10PM
05:50PM,07:10PM
02:00PM,03:25PM
12:20PM,01:40PM
12:50PM,02:10PM
05:50PM,07:10PM
08:50AM,10:10AM
02:50PM,04:10PM
02:50PM,04:40PM
12:50PM,02:40PM
01:50PM,03:40PM
02:50PM,04:40PM
02:50PM,04:10PM
05:20PM,06:40PM
03:50PM,05:10PM
05:50PM,07:10PM
12:50PM,02:10PM
08:50AM,10:10AM
02:50PM,04:10PM
05:50PM,07:10PM
09:20AM,10:40AM
03:50PM,05:10PM
05:50PM,06:10PM
02:50PM,04:10PM
12:50PM,02:10PM
05:20PM,06:40PM
02:50PM,04:10PM
11:20AM,12:40PM
03:50PM,05:10PM
11:00AM,12:30PM
04:20PM,05:40PM
05:50PM,07:10PM
11:05AM,12:25PM
02:05PM,03:25PM
05:50PM,07:10PM
11:20AM,12:40PM
12:50PM,02:10PM
10:50AM,12:10PM
12:20PM,01:40PM
04:35PM,05:55PM
05:20PM,06:40PM
06:20PM,07:40PM
08:50AM,10:10AM
09:50AM,11:10AM
12:50PM,01:40PM
09:20AM,10:40AM
02:50PM,04:10PM
05:50PM,07:10PM
02:50PM,04:10PM
10:50AM,12:10PM
02:50PM,04:10PM
12:50PM,02:10PM
02:50PM,04:10PM
11:05AM,12:25PM
12:50PM,02:10PM
05:20PM,06:40PM
03:50PM,05:10PM
03:20PM,04:40PM
05:20PM,06:40PM
04:20PM,05:40PM
12:50PM,02:10PM
04:20PM,05:40PM
02:40PM,05:00PM
TBA,TBA
01:00PM,02:20PM
04:20PM,05:40PM
11:20AM,12:40PM
TBA,TBA
02:40PM,04:00PM
TBA,TBA
TBA,TBA
TBA,TBA
01:00PM,02:20PM
11:20AM,12:40PM
TBA,TBA
09:40AM,11:00AM
11:20AM,12:40PM
09:40AM,11:00AM
11:20AM,12:40PM
01:00PM,02:20PM
06:00PM,07:20PM
01:00PM,02:20PM
11:20AM,12:40PM
TBA,TBA
04:20PM,05:40PM
11:20AM,12:40PM
01:00PM,02:20PM
06:00PM,07:20PM
01:00PM,02:20PM
09:40AM,11:00AM
TBA,TBA
01:00PM,02:20PM
09:40AM,11:00AM
06:00PM,07:20PM
TBA,TBA
02:40PM,04:00PM
01:00PM,02:20PM
09:40AM,11:00AM
11:20AM,12:40PM
11:20AM,12:40PM
TBA,TBA
TBA,TBA
01:00PM,02:20PM
02:40PM,04:00PM
