building,Max Capacity
ONLN,140
BAB,130
ONLN,40
BAB,50
BAB,80
BAB,40
BAB,50
BAB,80
ONLN,50
BAB,90
BAB,40
BAB,150
ONLN,80
TBA,140
ONLN,60
BAB,50
BAB,30
ONLN,50
TBA,130
ONLN,100
BAB,150
ONLN,100
TBA,110
TBA,70
MOR,110
LIB,140
LIB,100
LIB,100
SST,150
LIB,50
LIB,140
LIB,50
ONLN,100
ONLN,150
CRH,80
SWI,140
SWI,80
CRH,50
CRH,100
CRH,40
CRH,90
CRH,80
ONLN,30
CRH,60
CRH,150
CRH,90
TBA,50
CRH,30
CRH,90
SWI,70
TBA,100
CRH,60
TBA,140
TBA,140
CRH,80
CRH,30
CRH,50
CRH,100
CRH,130
CRH,50
SWI,110
SWI,150
SWI,30
TBA,110
SWI,70
SWI,70
CRH,150
TBA,90
TBA,140
TBA,150
TBA,120
TBA,130
TBA,110
TBA,80
TBA,150
TBA,40
TBA,140
TBA,50
TBA,120
TBA,130
CRH,50
CRH,80
ONLN,120
TBA,120
TBA,30
TBA,30
TBA,50
TBA,100
TBA,70
TBA,60
TBA,130
TBA,70
TBA,120
MOR,70
WIL,150
WIL,60
ONLN,90
WIL,130
WIL,120
ONLN,100
WIL,40
WIL,120
WIL,30
WIL,140
WIL,40
WIL,70
WIL,40
WIL,150
TBA,110
TBA,110
TBA,100
WIL,60
WIL,140
WIL,150
WIL,130
ROB,50
ROB,70
ROB,90
WIL,150
WIL,150
WIL,70
WIL,140
WIL,30
WIL,150
WIL,130
WIL,130
ROB,40
ROB,70
WIL,80
WIL,100
WIL,120
TBA,100
ROB,40
WIL,120
WIL,70
TBA,80
WIL,50
WIL,150
ROB,70
WIL,50
WIL,110
WIL,60
WIL,30
WIL,60
WIL,120
WIL,70
WIL,80
WIL,140
ROB,80
WIL,90
WIL,90
WIL,60
WIL,150
WIL,140
TBA,70
WIL,130
WIL,90
TBA,130
TBA,150
WIL,120
WIL,70
WIL,30
ROB,60
WIL,50
WIL,40
WIL,80
WIL,60
WIL,90
WIL,100
ROB,60
WIL,50
WIL,90
WIL,150
WIL,70
WIL,120
WIL,30
TBA,110
TBA,110
WIL,110
WIL,70
TBA,140
TBA,150
TBA,70
TBA,50
MSB,40
OPB,90
TBA,80
OPB,90
MSB,110
OPB,60
OPB,150
TBA,90
MSB,140
BAB,70
ONLN,120
BAB,150
BAB,140
TBA,130
TBA,40
TBA,50
TBA,120
TBA,80
TBA,100
TBA,120
TBA,110
TBA,130
TBA,100
TBA,130
TBA,60
TBA,150
TBA,100
TBA,30
TBA,50
TBA,70
TBA,70
TBA,70
TBA,120
TBA,150
TBA,70
TBA,30
TBA,70
TBA,80
TBA,70
TBA,120
TBA,110
TBA,100
TBA,120
TBA,40
TBA,90
TBA,70
TBA,140
TBA,80
TBA,140
TBA,40
TBA,150
TBA,130
TBA,30
ONLN,100
BAB,30
ONLN,50
SST,90
SST,30
ONLN,120
SST,130
ONLN,110
SST,130
SST,80
ONLN,130
ONLN,120
SST,30
SST,120
SST,60
SST,80
ONLN,150
ONLN,100
TBA,150
SST,90
ONLN,150
SST,60
SST,70
SST,90
TBA,140
SST,80
SST,70
SST,120
SST,100
SST,110
TBA,30
SST,70
SST,60
SST,80
SST,30
SST,140
SST,40
SST,90
TBA,130
SST,150
SST,30
SST,100
SST,140
SST,90
SST,80
SST,70
SST,100
SST,80
NUR,130
TBA,50
SST,120
SST,150
SST,120
MSB,80
SST,130
SST,60
SST,30
SST,80
SST,140
SST,50
SST,80
TBA,120
TBA,130
TBA,60
SST,110
SST,120
SST,30
SST,50
SST,80
TBA,90
SST,80
ONLN,110
SST,110
ONLN,50
SST,40
TBA,120
TBA,30
TBA,150
TBA,70
TBA,120
TBA,30
TBA,100
TBA,50
SST,110
MSB,30
SST,70
TBA,100
SST,110
SST,50
TBA,100
SST,110
SST,50
SST,40
SST,60
MSB,30
TBA,60
SST,110
TBA,80
TBA,90
TBA,30
TBA,80
TBA,40
TBA,40
TBA,140
TBA,60
TBA,110
TBA,110
TBA,70
TBA,90
TBA,120
TBA,140
TBA,30
TBA,80
TBA,90
TBA,90
TBA,40
TBA,130
TBA,90
TBA,150
TBA,60
TBA,120
TBA,140
TBA,120
TBA,30
TBA,150
OKT,70
MOR,110
MOR,50
MOR,70
SST,40
MOR,70
MOR,30
NUR,100
NUR,40
MOR,100
OKT,110
OKT,70
OKT,80
OKT,130
OKT,90
OKT,140
OKT,100
OKT,130
OKT,140
OKT,40
OKT,100
OKT,100
OKT,110
OKT,90
OKT,50
OKT,120
OKT,100
TBA,70
OKT,110
OKT,120
OKT,50
OKT,80
OKT,50
OKT,90
OKT,80
OKT,150
OKT,30
OKT,30
OKT,100
OKT,100
OKT,100
TBA,150
TBA,90
TBA,80
TBA,110
TBA,120
TBA,30
TBA,140
TBA,50
TBA,140
TBA,60
ONLN,30
TBA,110
TBA,30
ELC,90
ROB,110
ONLN,100
ROB,120
ONLN,110
MSB,70
ONLN,110
SST,110
MSB,60
MOR,130
MSB,110
MSB,140
MSB,110
SST,140
SST,120
SST,30
SST,30
SST,30
SST,120
SST,150
SST,40
SST,120
SST,120
SST,110
SST,150
SST,80
SST,120
ONLN,90
ONLN,80
TBA,120
TBA,120
TBA,90
ONLN,60
ONLN,120
MSB,70
SST,90
SST,100
SST,100
SST,70
MSB,80
MSB,140
SST,60
SST,30
SST,40
SST,30
SST,60
SST,110
TBA,100
SST,30
TBA,70
TBA,120
MSB,80
TBA,40
SST,70
MSB,30
ENG,150
SST,110
SST,60
SST,50
SST,120
SST,110
SST,100
SST,110
TBA,40
MSB,80
TBA,30
TBA,90
TBA,50
TBA,30
TBA,120
TBA,30
TBA,110
TBA,90
MSB,100
ENG,40
TBA,140
TBA,150
MSB,110
MSB,110
MSB,150
TBA,90
MSB,130
MSB,60
TBA,110
TBA,110
TBA,30
TBA,60
TBA,130
TBA,80
TBA,40
TBA,30
TBA,70
TBA,50
TBA,60
TBA,50
TBA,30
TBA,100
TBA,30
MSB,60
TBA,130
ENG,90
ENG,80
MOR,50
MOR,120
MOR,50
MOR,150
MOR,50
MOR,80
TBA,90
MOR,130
MOR,150
MOR,140
MOR,60
MOR,90
MOR,40
MOR,80
MOR,150
MOR,60
MOR,110
MOR,40
MOR,150
LIB,140
MOR,120
MOR,60
LIB,40
MOR,100
TBA,80
MOR,50
MOR,110
ENG,130
ENG,60
ENG,130
ENG,90
ENG,70
ENG,90
ENG,30
MOR,50
MOR,30
OKT,30
SST,140
ENG,40
ENG,140
ENG,60
ENG,70
TBA,50
ENG,100
ENG,90
TBA,130
ENG,150
ENG,150
MOR,40
BAB,140
TBA,130
ONLN,100
ENG,80
ENG,150
OKT,90
ENG,110
ENG,110
ENG,80
SST,90
SST,130
TBA,110
TBA,90
ONLN,30
OKT,150
ENG,70
ENG,30
ENG,150
ONLN,150
ENG,80
ONLN,70
OKT,50
OKT,150
ENG,120
ENG,70
ONLN,50
TBA,40
TBA,30
TBA,110
TBA,90
TBA,140
TBA,90
LIB,60
OKT,30
ONLN,110
LIB,30
OKT,130
OKT,120
OKT,50
OKT,50
OKT,140
OKT,30
OKT,60
OKT,70
OKT,150
OKT,90
OKT,120
OKT,90
TBA,150
TBA,150
LIB,40
ONLN,80
OKT,50
OKT,60
OKT,40
LIB,130
OKT,30
OKT,30
OKT,60
ONLN,90
TBA,70
TBA,110
OKT,120
OKT,60
OKT,100
OKT,40
OKT,90
OKT,150
OKT,120
OKT,40
OKT,90
OKT,90
ONLN,50
OKT,60
OKT,50
ONLN,60
OKT,150
OKT,120
OKT,150
ONLN,120
ONLN,90
OKT,80
OKT,100
OKT,90
OKT,60
OKT,40
TBA,130
OKT,120
OKT,130
OKT,150
OKT,90
ONLN,140
OKT,100
TBA,60
TBA,130
TBA,70
OKT,100
OKT,110
ONLN,30
TBA,140
OKT,120
OKT,60
OKT,140
ONLN,110
OKT,150
OKT,30
OKT,90
ONLN,140
TBA,120
TBA,110
TBA,40
TBA,120
TBA,100
TBA,120
TBA,100
TBA,80
TBA,120
TBA,40
TBA,100
TBA,80
TBA,40
TBA,120
TBA,60
TBA,110
TBA,90
TBA,120
TBA,90
TBA,130
TBA,130
TBA,140
TBA,90
TBA,140
TBA,70
TBA,80
TBA,30
TBA,150
TBA,120
TBA,140
TBA,60
TBA,90
TBA,120
TBA,110
TBA,120
TBA,130
TBA,140
TBA,50
TBA,150
ELC,90
WIL,100
BAB,90
ONLN,40
BAB,40
ONLN,50
BAB,140
BAB,60
ONLN,30
BAB,30
BAB,90
BAB,150
BAB,140
BAB,110
BAB,60
BAB,150
BAB,90
BAB,60
ONLN,80
BAB,50
ONLN,30
ONLN,150
ONLN,90
ONLN,50
TBA,30
MOR,110
ENG,130
ENG,60
ENG,140
ENG,130
ENG,90
ENG,110
SST,30
ENG,150
MOR,60
MOR,80
ENG,30
ENG,140
SST,70
ENG,130
ENG,100
ENG,80
SST,50
TBA,60
ENG,140
ENG,120
ENG,100
TBA,140
ENG,110
ENG,110
ENG,140
ENG,90
MOR,110
ENG,100
ENG,40
ENG,90
ENG,150
MSB,150
ENG,80
TBA,150
ENG,70
ENG,70
ENG,50
ENG,110
ENG,70
OKT,80
MOR,110
SST,150
ENG,120
ENG,50
ENG,90
ENG,130
MOR,80
OKT,30
TBA,70
TBA,150
ENG,90
TBA,120
ENG,150
OKT,110
ONLN,30
ENG,150
TBA,140
TBA,50
TBA,130
TBA,30
TBA,140
TBA,50
TBA,90
TBA,130
ENG,110
ENG,70
ENG,60
ENG,80
ENG,140
TBA,90
TBA,90
TBA,50
TBA,140
TBA,60
TBA,120
TBA,80
TBA,90
NUR,140
MOR,80
MOR,100
TBA,60
ONLN,120
ONLN,150
MOR,70
MOR,30
TBA,90
TBA,140
MOR,40
TBA,140
MOR,130
MOR,80
MOR,70
TBA,50
MOR,110
MOR,110
MOR,50
MOR,50
MOR,30
MOR,50
MOR,70
MOR,100
MOR,60
MOR,100
MOR,30
MOR,100
MOR,50
MOR,100
MOR,40
MOR,130
MOR,140
MOR,140
MOR,40
MOR,80
MOR,140
MOR,30
MOR,50
MOR,40
MOR,30
MOR,70
MOR,40
ONLN,50
ONLN,30
MOR,100
MOR,120
MOR,60
MOR,110
MOR,120
MOR,30
MOR,60
MOR,70
MOR,90
ONLN,50
ONLN,90
ONLN,50
MOR,40
ONLN,130
TBA,100
ONLN,130
ONLN,140
MOR,50
MOR,90
MOR,80
MOR,140
MOR,70
MOR,110
MOR,120
ONLN,120
ONLN,50
ONLN,110
TBA,50
LIB,50
ONLN,70
ONLN,110
ONLN,140
ONLN,50
ONLN,90
ONLN,70
ONLN,150
TBA,120
LIB,120
LIB,60
LIB,140
LIB,60
ONLN,90
ONLN,30
MOR,80
MOR,90
MOR,120
MOR,100
MOR,110
MOR,50
MOR,130
MOR,70
MOR,40
LIB,120
MOR,80
MOR,140
MOR,40
MOR,120
MOR,110
MOR,100
MOR,150
MOR,150
MOR,60
MOR,50
LIB,120
ONLN,40
MOR,150
ONLN,30
TBA,140
TBA,120
OKT,50
ONLN,140
REMT,140
OKT,110
REMT,100
ONLN,130
OKT,90
REMT,120
ONLN,120
TBA,40
OKT,30
REMT,130
ONLN,50
TBA,120
TBA,50
TBA,70
TBA,120
ONLN,80
ONLN,70
ONLN,40
ONLN,30
TBA,30
ONLN,50
TBA,90
SST,130
ONLN,110
ONLN,140
ONLN,130
SST,60
TBA,140
TBA,50
BAB,40
BAB,40
ONLN,60
ONLN,90
ONLN,30
MOR,80
ELC,40
TBA,70
TBA,40
OPB,120
SST,140
SST,70
SST,50
SST,30
MSB,40
LIB,40
BAB,80
ONLN,130
ONLN,130
TBA,110
TBA,90
MOR,80
ONLN,120
SPR,70
UFC,90
UFC,80
UFC,40
TBA,140
SPR,110
ONLN,120
ONLN,50
MOR,40
MOR,130
MOR,80
MOR,100
TBA,110
ONLN,90
MOR,100
ONLN,90
MOR,40
MOR,40
MOR,60
MOR,140
MOR,80
MOR,110
MOR,110
MOR,130
MOR,130
MOR,150
MOR,140
MOR,60
MOR,130
MOR,30
MOR,110
MOR,50
MOR,130
MOR,130
MOR,70
MOR,80
MOR,110
MOR,40
MOR,150
TBA,130
TBA,110
MOR,80
ONLN,50
BAB,80
BAB,150
BAB,110
ONLN,130
ONLN,120
BAB,70
BAB,60
BAB,100
BAB,30
ONLN,110
ONLN,130
BAB,60
ONLN,150
ONLN,110
BAB,140
ONLN,60
BAB,100
TBA,80
BAB,80
ONLN,90
ONLN,140
BAB,70
ONLN,120
ONLN,50
BAB,130
ONLN,30
ONLN,110
TBA,110
ONLN,130
BAB,60
BAB,150
ONLN,80
ONLN,50
OKT,60
OKT,90
TBA,70
TBA,80
OKT,70
TBA,140
MOR,100
OKT,130
TBA,120
TBA,60
ENG,60
OKT,50
TBA,90
OKT,90
MOR,70
MSB,30
TBA,90
TBA,140
MOR,120
MOR,50
TBA,120
OKT,100
OKT,150
ONLN,110
MOR,130
TBA,100
MSB,70
REMT,100
ONLN,70
TBA,150
TBA,40
ONLN,90
OKT,130
TBA,140
TBA,130
OKT,90
OKT,140
ONLN,110
TBA,120
TBA,120
TBA,50
OKT,50
OKT,70
ONLN,150
TBA,100
TBA,50
TBA,100
TBA,30
OKT,80
OKT,120
ONLN,100
OKT,110
OKT,80
ONLN,70
TBA,40
TBA,70
ONLN,40
TBA,150
TBA,50
TBA,140
TBA,100
TBA,90
ONLN,70
TBA,110
ONLN,100
WIL,80
WIL,40
WIL,150
ONLN,110
WIL,50
WIL,150
WIL,30
WIL,120
WIL,120
WIL,40
ONLN,70
WIL,120
WIL,60
WIL,150
WIL,150
WIL,110
WIL,120
WIL,90
WIL,70
WIL,60
ELC,40
WIL,40
TBA,50
TBA,130
ELC,70
ONLN,130
MSB,140
ONLN,130
SST,90
ONLN,60
ONLN,120
ONLN,30
SST,40
SST,100
SST,30
SST,30
SST,80
ONLN,60
TBA,120
MSB,60
SST,100
ONLN,120
ONLN,150
BAB,130
BAB,130
SST,70
SST,80
ONLN,30
BAB,70
SST,80
TBA,120
SST,150
SST,90
SST,80
SST,30
SST,40
SST,60
SST,40
SST,30
SST,30
BAB,70
SST,150
SST,50
SST,50
SST,120
BAB,90
SST,150
TBA,50
ONLN,60
SST,110
SST,60
SST,40
SST,120
SST,40
SST,50
SST,130
ROB,80
SST,60
SST,50
SST,130
SST,70
SST,120
ONLN,80
SST,140
SST,140
SST,150
SST,30
SST,150
SST,130
ONLN,130
ONLN,100
SST,50
ONLN,110
SST,150
ONLN,80
SST,90
TBA,70
SST,60
SST,120
SST,110
ONLN,90
ONLN,110
TBA,40
SST,80
SST,60
SST,120
SST,130
SST,80
SST,40
SST,90
SST,40
SST,150
SST,30
SST,70
SST,80
SST,120
SST,90
SST,140
SST,30
TBA,150
SST,40
TBA,90
SST,60
SST,100
SST,130
TBA,150
SST,30
TBA,110
TBA,40
TBA,70
TBA,120
TBA,80
TBA,70
OKT,110
OKT,40
OKT,60
SST,30
ONLN,90
ONLN,80
MOR,80
MOR,150
MOR,130
SST,70
MOR,40
MOR,90
MOR,50
OKT,70
OKT,130
OKT,130
OKT,30
OKT,80
MOR,30
OKT,130
MOR,110
SST,140
OKT,130
OKT,50
OKT,40
OKT,110
OKT,90
OKT,80
OKT,150
OKT,30
OKT,60
OKT,90
OKT,60
OKT,140
OKT,130
SST,70
OKT,80
OKT,120
OKT,50
OKT,120
SST,50
OKT,70
MOR,100
OKT,110
SST,110
MOR,70
MOR,70
OKT,50
OKT,110
OKT,120
OKT,40
OKT,150
OKT,60
OKT,60
NUR,150
NUR,70
MOR,70
MOR,150
OKT,90
OKT,80
OKT,130
OKT,70
OKT,100
OKT,110
OKT,60
OKT,100
OKT,100
SST,60
BAB,120
MOR,60
SST,100
OKT,90
OKT,130
OKT,50
OKT,120
OKT,150
BAB,70
SST,80
MOR,90
OKT,140
OKT,110
SST,100
SST,80
SST,110
OKT,130
OKT,110
ENG,70
ENG,70
ENG,140
JRC,80
ENG,70
OKT,60
ENG,140
OKT,100
TBA,140
MOR,80
REMT,110
SST,70
REMT,70
OKT,110
OKT,100
REMT,100
OKT,50
OKT,70
REMT,50
OKT,120
REMT,30
OKT,100
REMT,80
OKT,130
TBA,90
OKT,120
TBA,40
OKT,30
REMT,130
OKT,30
REMT,100
OKT,80
REMT,50
TBA,30
TBA,60
TBA,100
TBA,150
TBA,40
TBA,40
TBA,80
TBA,90
TBA,50
TBA,50
TBA,50
TBA,60
TBA,40
TBA,140
TBA,120
TBA,150
TBA,70
TBA,110
TBA,60
TBA,130
TBA,100
TBA,120
TBA,130
TBA,110
TBA,80
TBA,90
TBA,100
TBA,120
TBA,90
TBA,130
TBA,60
TBA,120
TBA,110
TBA,120
TBA,30
OKT,60
REMT,50
OKT,90
TBA,60
TBA,90
OKT,50
TBA,110
TBA,90
TBA,70
TBA,140
TBA,30
TBA,70
TBA,90
TBA,90
TBA,100
TBA,30
TBA,120
TBA,140
TBA,40
TBA,90
TBA,100
TBA,80
TBA,30
TBA,30
TBA,150
TBA,80
TBA,60
TBA,40
TBA,110
TBA,30
TBA,140
TBA,100
TBA,140
TBA,150
TBA,40
TBA,120
TBA,120
TBA,150
TBA,150
TBA,70
BAB,90
ONLN,90
ONLN,90
BAB,80
ONLN,130
ONLN,100
ONLN,40
ONLN,140
ONLN,60
ONLN,80
ONLN,90
ONLN,90
ONLN,70
BAB,110
ONLN,40
BAB,100
TBA,100
BAB,120
BAB,140
ONLN,80
ONLN,70
ONLN,90
ONLN,100
ONLN,140
ONLN,110
ONLN,130
TBA,30
ONLN,50
ONLN,40
ONLN,110
ONLN,150
ONLN,40
MOR,50
A&M,140
MOR,40
A&M,100
A&M,70
A&M,90
A&M,80
A&M,120
A&M,40
ONLINE,40
BAB,60
BAB,130
BAB,140
BAB,150
BAB,140
ONLN,100
BAB,40
BAB,50
ONLN,140
TBA,90
BAB,90
TBA,120
BAB,70
BAB,70
ONLN,130
TBA,70
ONLN,140
ONLN,60
BAB,40
ONLN,140
BAB,90
BAB,140
BAB,50
ONLN,100
BAB,120
ONLN,40
NUR,140
BAB,90
ONLN,30
TBA,70
ONLN,60
TBA,150
ONLN,40
ONLN,140
BAB,50
ONLN,120
BAB,100
BAB,130
ONLN,110
MSB,50
MSB,90
TBA,140
TBA,30
TBA,130
TBA,70
TBA,130
TBA,60
TBA,110
TBA,70
TBA,150
TBA,30
TBA,100
TBA,90
TBA,80
TBA,110
TBA,60
TBA,100
TBA,80
OPB,40
TBA,60
TBA,130
TBA,140
TBA,130
TBA,90
TBA,90
TBA,130
TBA,60
TBA,110
TBA,130
TBA,130
TBA,40
TBA,120
TBA,100
TBA,150
TBA,100
TBA,140
TBA,50
TBA,30
TBA,130
TBA,60
TBA,90
TBA,90
TBA,50
TBA,120
TBA,130
TBA,140
TBA,40
TBA,140
TBA,90
TBA,140
TBA,50
ROB,90
ONLN,40
ONLN,130
ONLN,70
ROB,100
ELC,100
ROB,90
ROB,120
MOR,50
ROB,130
ROB,90
ROB,150
ROB,60
TBA,70
ELC,110
ROB,50
ROB,120
ELC,70
ROB,30
ROB,60
TBA,50
ONLINE,130
ROB,40
TBA,40
TBA,120
TBA,40
TBA,130
TBA,70
TBA,120
TBA,140
TBA,110
TBA,130
TBA,90
TBA,30
TBA,110
TBA,80
TBA,30
TBA,80
TBA,90
TBA,130
TBA,50
TBA,70
TBA,80
TBA,130
TBA,30
TBA,30
TBA,130
TBA,80
TBA,130
TBA,120
TBA,140
TBA,50
TBA,30
TBA,60
TBA,50
TBA,100
TBA,40
TBA,150
TBA,30
TBA,110
TBA,100
TBA,100
TBA,60
TBA,90
TBA,30
TBA,130
TBA,80
TBA,60
TBA,140
TBA,50
TBA,100
TBA,110
TBA,40
TBA,100
TBA,50
TBA,100
TBA,60
TBA,140
TBA,150
TBA,80
TBA,130
TBA,30
TBA,60
TBA,80
TBA,90
TBA,90
TBA,80
TBA,150
TBA,90
TBA,30
TBA,110
TBA,140
TBA,80
TBA,80
TBA,130
TBA,50
TBA,90
TBA,90
TBA,100
TBA,30
TBA,140
TBA,70
TBA,90
TBA,30
TBA,110
TBA,130
TBA,100
TBA,90
TBA,40
TBA,130
TBA,110
TBA,150
TBA,90
TBA,130
TBA,80
TBA,30
TBA,90
TBA,110
TBA,140
TBA,140
TBA,120
TBA,30
TBA,150
TBA,30
TBA,80
TBA,140
TBA,140
TBA,150
TBA,120
TBA,50
TBA,100
TBA,120
TBA,40
TBA,30
TBA,40
TBA,40
TBA,150
TBA,60
TBA,150
TBA,70
TBA,30
TBA,60
TBA,30
TBA,100
TBA,60
TBA,110
TBA,80
TBA,100
TBA,130
TBA,50
TBA,150
TBA,90
TBA,140
TBA,130
TBA,100
TBA,60
TBA,70
TBA,150
TBA,50
TBA,40
TBA,100
TBA,70
TBA,100
TBA,60
TBA,110
TBA,130
TBA,150
TBA,40
TBA,80
TBA,130
TBA,140
TBA,50
TBA,50
TBA,100
TBA,90
TBA,50
ROB,60
BEV,100
ROB,100
ROB,100
ROB,70
ROB,30
TBA,30
TBA,60
MOR,80
TBA,110
TBA,70
BEV,140
TBA,140
TBA,120
ROB,90
BEV,100
BEV,40
ROB,80
ROB,150
BEV,90
NUR,120
NUR,80
HOSP,60
NUR,120
NUR,80
NUR,60
TBA,90
TBA,110
NUR,60
NUR,30
TBA,80
TBA,60
HOSP,40
HOSP,130
TBA,30
TBA,40
ONLN,150
ONLN,100
ONLN,150
ONLN,140
ONLN,50
ONLN,140
ONLN,30
ONLN,40
ONLN,90
ONLN,60
ONLN,120
ONLN,40
ONLN,130
ONLN,40
ONLN,120
ONLN,110
ONLN,80
ONLN,110
ONLN,30
ONLN,80
ONLN,120
ONLN,90
TBA,150
TBA,100
ONLN,30
ONLN,60
ONLN,130
ONLN,140
ONLN,80
MOR,150
MSB,80
TBA,70
MSB,30
MOR,60
ONLN,110
MSB,80
MSB,90
MSB,150
MSB,80
TBA,110
TBA,30
ONLN,60
SST,50
SST,70
SST,90
SST,110
TBA,30
MSB,150
ONLN,40
MSB,110
MSB,60
MSB,140
SST,70
SST,120
SST,80
SST,140
SST,120
TBA,120
TBA,50
SST,100
SST,70
SST,140
SST,50
SST,100
SST,30
SST,110
TBA,80
SST,70
SST,90
SST,140
SST,50
SST,110
TBA,90
SST,60
SST,50
SST,40
SST,40
SST,110
SST,140
SST,90
SST,130
SST,150
SST,40
SST,30
SST,130
SST,50
SST,140
TBA,70
SST,50
MSB,30
MSB,100
SST,130
OPB,140
MSB,60
MSB,30
MSB,90
MSB,120
ONLN,140
MSB,60
TBA,130
SST,60
MSB,110
MSB,140
MSB,150
TBA,50
TBA,60
TBA,150
OPB,60
TBA,100
TBA,140
TBA,120
TBA,80
TBA,50
TBA,80
TBA,40
MOR,60
ONLN,130
MOR,120
MOR,130
ONLN,110
ONLN,90
ONLN,110
ONLN,40
ONLN,50
MOR,30
MOR,30
MOR,90
TBA,40
ONLN,130
ONLN,60
MOR,60
MOR,50
MOR,100
MOR,130
ONLINE,140
MOR,140
ONLN,30
MOR,120
MOR,90
ONLN,130
MOR,50
MOR,30
MOR,50
ONLN,150
MOR,110
MOR,100
TBA,30
ONLN,70
ONLN,60
WIL,120
WIL,150
ONLN,30
WIL,70
ONLN,40
TBA,70
MOR,40
ONLN,120
MOR,30
ONLN,90
MOR,120
MOR,70
LIB,110
ONLN,90
MOR,100
ONLN,120
MOR,130
MOR,80
ONLN,110
MSB,90
CRH,40
CRH,110
TBA,40
CRH,90
CRH,30
MSB,150
CRH,120
CRH,150
TBA,80
TBA,90
TBA,40
TBA,50
TBA,30
TBA,120
TBA,120
TBA,130
TBA,70
TBA,60
TBA,40
TBA,60
TBA,40
CRH,120
CRH,110
CRH,110
TBA,70
TBA,130
TBA,140
TBA,150
TBA,140
TBA,70
TBA,80
TBA,60
TBA,80
TBA,80
TBA,90
TBA,140
TBA,80
TBA,30
TBA,60
TBA,140
TBA,30
TBA,150
TBA,80
TBA,50
TBA,130
TBA,30
TBA,80
TBA,100
TBA,60
SST,150
MOR,30
SST,120
SST,60
MOR,110
OKT,130
MOR,80
MOR,70
MOR,40
MOR,150
MOR,60
MSB,30
MSB,80
MSB,110
SST,110
MOR,70
SST,70
BAB,50
BAB,100
BAB,150
MOR,70
MOR,30
BAB,120
BAB,70
MOR,50
OKT,80
MOR,30
MSB,150
MSB,130
MSB,50
SST,70
SST,50
BAB,90
BAB,120
BAB,130
MOR,90
MOR,80
LIB,130
MOR,40
SST,100
SST,130
SST,100
MOR,40
BAB,100
BAB,40
BAB,90
MOR,30
MOR,140
MOR,110
MOR,130
MOR,50
SST,150
MSB,60
MSB,90
SST,150
MOR,150
ENG,90
SST,70
MOR,80
SST,110
SST,140
SST,30
MOR,110
SST,110
SST,110
SST,30
SST,90
MOR,140
MOR,50
SST,100
MSB,80
LIB,150
MSB,50
SST,120
BAB,140
BAB,50
BAB,130
BAB,90
BAB,140
MOR,80
MOR,120
MOR,40
MOR,40
MOR,60
MOR,80
MOR,30
MOR,100
MOR,130
MOR,30
ELC,150
ONLN,40
MOR,120
MOR,80
MOR,130
ELC,70
ELC,90
TBA,130
TBA,70
TBA,50
MOR,60
MOR,30
ONLN,150
MOR,90
MOR,70
MOR,90
MOR,90
MOR,40
ONLN,70
MOR,50
MOR,70
ONLN,150
MOR,90
MOR,130
MOR,40
ONLN,80
MOR,90
MOR,100
ONLN,120
MOR,80
MOR,110
ONLN,120
ONLN,40
MOR,120
MOR,80
MOR,130
MOR,100
MOR,90
TBA,30
TBA,80
MOR,30
MOR,110
